"Date","Type","ID","Title","Description","Start Time","End Time","Groups","Year Levels"
"2026-01-26","Recurring","R2141","Week B","","","","",""
"2026-01-27","Event","E31065","Reminder Email HSC 2025 Morning Tea Send","","","","",""
"2026-01-27","Event","E30585","Staff Development Day 1","","","","",""
"2026-01-28","Event","E31066","RSVPs due for HSC 2025 Morning Tea - 5 pm","","","","",""
"2026-01-28","Event","E30586","Staff Development Day 2","","","","",""
"2026-01-29","Event","E30587","Staff Development Day 3","","","","",""
"2026-01-30","Event","E30588","Staff Development Day 4","","","","",""
"2026-02-02","Event","E31678","All students return 7 - 12 - Whole School Assembly 8.45 am","","","","","8,9,10,11,12"
"2026-02-02","Event","E31532","Year 7 Transition Day 1","","","","","7"
"2026-02-02","Recurring","R2142","Week A","","","","",""
"2026-02-03","Event","E31658","Commence Entering NESA Enrolments - Year 10 and 11","","","","",""
"2026-02-03","Event","E31533","Year 7 Transition Day 2","","","","","7"
"2026-02-04","Event","E31704","Staff Meeting 2.50 pm - Common Room - Health and Safety Consultation","","","","",""
"2026-02-04","Event","E31754","Assembly Time: RIOT Refresher Sessions","","","","",""
"2026-02-04","Event","E31534","Year 7 Transition Day 3","","","","","7"
"2026-02-06","Event","E31859","CCP- RIOT Refresher","","","","",""
"2026-02-06","Event","E31063","Year 12 HSC Class of 2025 Morning Tea","","","","",""
"2026-02-06","Event","E31872","Year 10 Sport 2026","Date: 06/02/2026 01:45pm - 02:45pm
Description: Year 10 Sport 2026 - Fernwood Fitness
Participants: Year 10 - 3 groups on rotation
Venue: Fernwood Fitness
Faculty: Sport
Attending Staff: Tracey Sheppard
Created By: Tracey Sheppard
","13:45:00","14:45:00","",""
"2026-02-06","Event","E30763","Year 11 2026 Assessment Procedures - P3","","","","",""
"2026-02-09","Recurring","R2141","Week B","","","","",""
"2026-02-10","Event","E31603","Safer Internet Day","","","","",""
"2026-02-10","Event","E31667","Project Rockit - Year 10  (11am - 12 pm)","This will run from halfway through period 2 to halfway through period 3. Arrangements to be communicated to staff.","","","",""
"2026-02-10","Event","E31666","Project RockIt - P1 - Year 7","","","","",""
"2026-02-11","Event","E31814","OnSTAGE 2026","Date: 11/02/2026 06:30pm - 09:30pm
Description: Students in Years 10 and 12 Drama will attend OnSTAGE as part of their course work. OnSTAGE is an exhibition of outstanding major works by HSC Drama students in NSW including individual and group performance, and individual projects. One of our own HGHS Drama students will have her work showcased at the event. This is an excellent opportunity for students to see the work by 2025 students ahead of their own HSC year.&nbsp;The organiser has offered a content warning - &#39;We wish to advise that this performance of OnSTAGE includes coarse language, adult themes, and references to culturally sensitive material, including current political and social issues&#39;.Students will make their own way to the Seymour Centre and arrive by 6:30pm for the roll to be taken by their teacher. The show will start at 7pm and will run for 140 minutes, concluding at approximately 9.20pm.&nbsp;Students will be required to be collected from the Seymour Centre by a parent or caregiver at the conclusion of the show. There is parking under the Seymour Centre, or street parking to allow for this. If there are other pick up arrangements, please write to Ms Mackenzie Carroll with these details prior to the events.&nbsp;
Participants: 10 & 12 Drama
Venue: Seymour Centre
Faculty: English
Attending Staff: Mackenzie Carroll
Created By: Mackenzie Carroll
","18:30:00","21:30:00","",""
"2026-02-11","Event","E31098","House Meeting Swimming Carnival","","","","",""
"2026-02-11","Event","E31705","PDP Goal Setting - Faculties","","","","",""
"2026-02-12","Event","E31857","Year 10 Assessment Information Session","","","","",""
"2026-02-13","Event","E31873","Year 10 Sport 2026","Date: 13/02/2026 01:45pm - 02:45pm
Description: Year 10 Sport 2026 - Fernwood Fitness
Participants: Year 10 - 3 groups on rotation
Venue: Fernwood Fitness
Faculty: Sport
Attending Staff: Tracey Sheppard
Created By: Tracey Sheppard
","13:45:00","14:45:00","",""
"2026-02-13","Event","E30360","School Photos","","","","",""
"2026-02-13","Event","E30765","Year 12 GRIT - Photographs","","","","",""
"2026-02-13","Event","E31081","Northern Sydney SPC Meeting with NSW Education Secretary Murat Dizdar","Northern Sydney SPC Meeting with NSW Education Secretary Murat Dizdar","","","",""
"2026-02-15","Event","E31790","The Occasional Performing Sinfonia - Hall","","","","",""
"2026-02-16","Event","E31902","Year 9 Sport 2026","Date: 16/02/2026 01:45pm - 02:45pm
Description: Year 9 Sport 2026
Participants: Year 9
Venue: Hornsby Girls High School, Mark Taylor oval
Faculty: Sport
Attending Staff: Cathy Croudace
Created By: Tracey Sheppard
","13:45:00","14:45:00","",""
"2026-02-16","Recurring","R2142","Week A","","","","",""
"2026-02-17","Event","E31793","Year 10 Accelerated Geography Fieldwork Balls Head","","","","",""
"2026-02-18","Event","E31811","P and C Meet the Teachers Evening 6pm","","","","",""
"2026-02-18","Event","E31933","National Illuminate Challenge Finals","","","","",""
"2026-02-18","Event","E31755","Year Meetings - Minerva Awards Scheme","","","","",""
"2026-02-18","Recurring","R2167","Faculty Meetings","","","","",""
"2026-02-20","Event","E31646","HGHS Swimming Carnival 2026","Date: 20/02/2026 08:45am - 02:50pm
Description: HGHS will hold its annual Swimming Carnival at Hornsby Aquatic Centre on Friday 20 February.
Participants: The whole school.  Students will be added to this VOR in 2026.
Venue: Hornsby Aquatic Centre
Faculty: Carnivals
Attending Staff: Susan Davenport, Jane Hall
Created By: Jane Hall
","08:45:00","14:50:00","",""
"2026-02-20","Event","E30600","School Swimming Carnival","","","","",""
"2026-02-20","Event","E31082","Northen Sydney Secondary Principals Council Meeting with Education Secretary Murat Dizdar","","","","",""
"2026-02-21","Event","E31790","The Occasional Performing Sinfonia - Hall","","","","",""
"2026-02-22","Event","E31790","The Occasional Performing Sinfonia - Hall","","","","",""
"2026-02-23","Event","E31903","Year 9 Sport 2026","Date: 23/02/2026 01:45pm - 02:45pm
Description: Year 9 Sport 2026
Participants: Year 9
Venue: Hornsby Girls High School, Mark Taylor oval
Faculty: Sport
Attending Staff: Cathy Croudace
Created By: Tracey Sheppard
","13:45:00","14:45:00","",""
"2026-02-23","Recurring","R2141","Week B","","","","",""
"2026-02-25","Event","E31618","SRC Induction - M Carroll i/c","","","","",""
"2026-02-25","Event","E31756","SWLBeing","","","","",""
"2026-02-25","Recurring","R2167","Faculty Meetings","","","","",""
"2026-02-26","Event","E31604","Extra-curricular Clubs Expo - Prefects - Lunch","","","","",""
"2026-02-26","Event","E31710","AECG Meeting- 4pm","","","","",""
"2026-02-27","Event","E31083","Northen Sydney Secondary Principals Council Meeting with NSW Education Secretary Murat Dizdar","","","","",""
"2026-02-27","Event","E31874","Year 10 Sport 2026","Date: 27/02/2026 01:45pm - 02:45pm
Description: Year 10 Sport 2026 - Fernwood Fitness
Participants: Year 10 - 3 groups on rotation
Venue: Fernwood Fitness
Faculty: Sport
Attending Staff: Tracey Sheppard
Created By: Tracey Sheppard
","13:45:00","14:45:00","",""
"2026-02-27","Event","E30769","Year 12 GRIT- RIOT refresher","","","","",""
"2026-03-02","Event","E30592","Year 11 Camp","","","","",""
"2026-03-02","Event","E31655","Year 11 Camp 2026","Date: 02/03/2026 05:45am - 06/03/2026 08:00pm
Description: Year 11 Students will travelto Jindabyne for their Life Ready Camp
Participants: Year 11
Venue: Jindabyne Sport And Recreation Centre
Faculty: Wellbeing/PDHPE
Attending Staff: Jason Atkin, Tracey Sheppard
Created By: Tracey Sheppard
","05:45:00","20:00:00","",""
"2026-03-02","Event","E31904","Year 9 Sport 2026","Date: 02/03/2026 01:45pm - 02:45pm
Description: Year 9 Sport 2026
Participants: Year 9
Venue: Hornsby Girls High School, Mark Taylor oval
Faculty: Sport
Attending Staff: Cathy Croudace
Created By: Tracey Sheppard
","13:45:00","14:45:00","",""
"2026-03-02","Recurring","R2142","Week A","","","","",""
"2026-03-03","Event","E31610","Pulse Alive Rehearsal","Junior Voices (Yr 8/9)","","","",""
"2026-03-03","Event","E30592","Year 11 Camp","","","","",""
"2026-03-03","Event","E31655","Year 11 Camp 2026","Date: 02/03/2026 05:45am - 06/03/2026 08:00pm
Description: Year 11 Students will travelto Jindabyne for their Life Ready Camp
Participants: Year 11
Venue: Jindabyne Sport And Recreation Centre
Faculty: Wellbeing/PDHPE
Attending Staff: Jason Atkin, Tracey Sheppard
Created By: Tracey Sheppard
","05:45:00","20:00:00","",""
"2026-03-04","Event","E31706","Meetings: Teacher/ Faculty Driven Time","","","","",""
"2026-03-04","Event","E30361","Catch Up School Photo Day - not confirmed","","","","",""
"2026-03-04","Event","E31757","Whole School Assembly","","","","",""
"2026-03-04","Event","E30592","Year 11 Camp","","","","",""
"2026-03-04","Event","E31655","Year 11 Camp 2026","Date: 02/03/2026 05:45am - 06/03/2026 08:00pm
Description: Year 11 Students will travelto Jindabyne for their Life Ready Camp
Participants: Year 11
Venue: Jindabyne Sport And Recreation Centre
Faculty: Wellbeing/PDHPE
Attending Staff: Jason Atkin, Tracey Sheppard
Created By: Tracey Sheppard
","05:45:00","20:00:00","",""
"2026-03-05","Event","E31717","2026 Zone Swimming Carnival - PASS Student Helpers","Date: 05/03/2026 09:00am - 02:30pm
Description: HGHS is responsible for coordinating the Zone Swimming Carnival to be held on Thursday March 5 2026. &nbsp;Students in Year 10 PASS are invited to attend to assist as helpers.
Participants: HGHS is responsible for coordinating the North West Metro Girls Schools Sport Zone Swimming Carnival to be held at Ryde Aquatic Centre. Assistance from House Leaders and Year 10 PASS is requested.
Venue: Ryde Aquatic Centre
Faculty: Sport
Attending Staff: Jane Hall
Created By: Jane Hall
","09:00:00","14:30:00","",""
"2026-03-05","Event","E31716","Zone Swimming Carnival 2026","Date: 05/03/2026 09:00am - 02:30pm
Description: Students will be selected to attend the Zone Swimming Carnival based on their results in the 2026 School Carnival.
Participants: Students will be selected to attend the Zone Swimming Carnival based on their results in the 2026 School Swimming Carnival.
Venue: Ryde Aquatic Centre
Faculty: Carnivals
Attending Staff: Cathy Croudace, Susan Davenport, Jane Hall, Tracey Hoang
Created By: Jane Hall
","09:00:00","14:30:00","",""
"2026-03-05","Event","E31619","Zone Swimming Carnival - Ryde Pool","","","","",""
"2026-03-05","Event","E30592","Year 11 Camp","","","","",""
"2026-03-05","Event","E31655","Year 11 Camp 2026","Date: 02/03/2026 05:45am - 06/03/2026 08:00pm
Description: Year 11 Students will travelto Jindabyne for their Life Ready Camp
Participants: Year 11
Venue: Jindabyne Sport And Recreation Centre
Faculty: Wellbeing/PDHPE
Attending Staff: Jason Atkin, Tracey Sheppard
Created By: Tracey Sheppard
","05:45:00","20:00:00","",""
"2026-03-06","Event","E31861","Year 8 MandatoryÂ Geography Fieldwork","","","","",""
"2026-03-06","Event","E31875","Year 10 Sport 2026","Date: 06/03/2026 01:45pm - 02:45pm
Description: Year 10 Sport 2026 - Fernwood Fitness
Participants: Year 10 - 3 groups on rotation
Venue: Fernwood Fitness
Faculty: Sport
Attending Staff: Tracey Sheppard
Created By: Tracey Sheppard
","13:45:00","14:45:00","",""
"2026-03-06","Event","E30592","Year 11 Camp","","","","",""
"2026-03-06","Event","E31655","Year 11 Camp 2026","Date: 02/03/2026 05:45am - 06/03/2026 08:00pm
Description: Year 11 Students will travelto Jindabyne for their Life Ready Camp
Participants: Year 11
Venue: Jindabyne Sport And Recreation Centre
Faculty: Wellbeing/PDHPE
Attending Staff: Jason Atkin, Tracey Sheppard
Created By: Tracey Sheppard
","05:45:00","20:00:00","",""
"2026-03-09","Event","E31905","Year 9 Sport 2026","Date: 09/03/2026 01:45pm - 02:45pm
Description: Year 9 Sport 2026
Participants: Year 9
Venue: Hornsby Girls High School, Mark Taylor oval
Faculty: Sport
Attending Staff: Cathy Croudace
Created By: Tracey Sheppard
","13:45:00","14:45:00","",""
"2026-03-09","Recurring","R2144","No Assessment Tasks Year 12","","","","",""
"2026-03-09","Recurring","R2165","Year 10 YAM (Youth Aware Mental Health)","","","","","10"
"2026-03-09","Recurring","R2141","Week B","","","","",""
"2026-03-10","Recurring","R2144","No Assessment Tasks Year 12","","","","",""
"2026-03-10","Event","E31605","International Women's Day Breakfast","","","","",""
"2026-03-11","Event","E30626","CPR/anaphylaxis training","Students dismissed at 2pm.","","","",""
"2026-03-11","Event","E30947","naplan test window opens","","","","",""
"2026-03-11","Event","E30946","NAPLAN WRITING TEST- Yr 7 (P1), Yr 9 (P2)","","","","",""
"2026-03-11","Event","E31668","Year 10 Vaccinations - Men","","","","",""
"2026-03-11","Event","E31759","SWLBeing","","","","",""
"2026-03-11","Recurring","R2144","No Assessment Tasks Year 12","","","","",""
"2026-03-12","Event","E31484","NAPLAN - Numeracy Yr 7 P1, Yr 9 P2","","","","",""
"2026-03-12","Recurring","R2144","No Assessment Tasks Year 12","","","","",""
"2026-03-13","Event","E31485","NAPLAN - Reading Yr 7 (P1), Yr 9 (P2)","","","","",""
"2026-03-13","Event","E31876","Year 10 Sport 2026","Date: 13/03/2026 01:45pm - 02:45pm
Description: Year 10 Sport 2026 - Fernwood Fitness
Participants: Year 10 - 3 groups on rotation
Venue: Fernwood Fitness
Faculty: Sport
Attending Staff: Tracey Sheppard
Created By: Tracey Sheppard
","13:45:00","14:45:00","",""
"2026-03-13","Event","E30770","Year 12 GRIT","","","","",""
"2026-03-13","Recurring","R2144","No Assessment Tasks Year 12","","","","",""
"2026-03-16","Event","E31486","NAPLAN - Conventions of Writing Year 7 {P1), Year 9 (P2)","","","","",""
"2026-03-16","Event","E30788","Year 12 Assessment Block","","","","",""
"2026-03-16","Event","E31906","Year 9 Sport 2026","Date: 16/03/2026 01:45pm - 02:45pm
Description: Year 9 Sport 2026
Participants: Year 9
Venue: Hornsby Girls High School, Mark Taylor oval
Faculty: Sport
Attending Staff: Cathy Croudace
Created By: Tracey Sheppard
","13:45:00","14:45:00","",""
"2026-03-16","Event","E31620","Sydney North Swimming Carnival - Sydney Olympic Park","","","","",""
"2026-03-16","Recurring","R2165","Year 10 YAM (Youth Aware Mental Health)","","","","","10"
"2026-03-16","Recurring","R2142","Week A","","","","",""
"2026-03-17","Event","E31597","Confirmation of Entry - Year 10, 11 and 12 due to NESA","","","","",""
"2026-03-17","Event","E30788","Year 12 Assessment Block","","","","",""
"2026-03-18","Event","E31707","Staff Meeting","","","","",""
"2026-03-18","Event","E31760","SWLBeing","","","","",""
"2026-03-18","Event","E30788","Year 12 Assessment Block","","","","",""
"2026-03-19","Event","E30788","Year 12 Assessment Block","","","","",""
"2026-03-20","Event","E31611","Pulse Alive Performance","Junior Voices (Yr 8/9)","","","",""
"2026-03-20","Event","E31877","Year 10 Sport 2026","Date: 20/03/2026 01:45pm - 02:45pm
Description: Year 10 Sport 2026 - Fernwood Fitness
Participants: Year 10 - 3 groups on rotation
Venue: Fernwood Fitness
Faculty: Sport
Attending Staff: Tracey Sheppard
Created By: Tracey Sheppard
","13:45:00","14:45:00","",""
"2026-03-20","Event","E30767","Year 11 Building Strength - RIOT refresher","","","","",""
"2026-03-20","Event","E30788","Year 12 Assessment Block","","","","",""
"2026-03-23","Event","E30948","NAPLAN test window closes","","","","",""
"2026-03-23","Event","E30757","Personal Best Reflections Open Year 12","","","","",""
"2026-03-23","Event","E30789","Year 12 Assessment Rescheduled Exams Day","","","","",""
"2026-03-23","Event","E31907","Year 9 Sport 2026","Date: 23/03/2026 01:45pm - 02:45pm
Description: Year 9 Sport 2026
Participants: Year 9
Venue: Hornsby Girls High School, Mark Taylor oval
Faculty: Sport
Attending Staff: Cathy Croudace
Created By: Tracey Sheppard
","13:45:00","14:45:00","",""
"2026-03-23","Recurring","R2165","Year 10 YAM (Youth Aware Mental Health)","","","","","10"
"2026-03-23","Recurring","R2141","Week B","","","","",""
"2026-03-24","Event","E30705","Year 11 Mini-Assessment Block - TBC","","","","","11"
"2026-03-24","Event","E31679","Mandatory Evacuation Drill 1","All students and staff. Will commence at 9.45 am.","","","",""
"2026-03-25","Event","E31598","Principal Certification NESA Confirmation of Entries Due to NESA","","","","",""
"2026-03-25","Event","E31702","Year 10 Mandatory Geography Excursion","","","","",""
"2026-03-25","Event","E31709","NESA programs, evaluation and registration","","","","",""
"2026-03-25","Event","E31758","Year Assemblies","","","","",""
"2026-03-25","Event","E30705","Year 11 Mini-Assessment Block - TBC","","","","","11"
"2026-03-26","Event","E30705","Year 11 Mini-Assessment Block - TBC","","","","","11"
"2026-03-27","Event","E31878","Year 10 Sport 2026","Date: 27/03/2026 01:45pm - 02:45pm
Description: Year 10 Sport 2026 - Fernwood Fitness
Participants: Year 10 - 3 groups on rotation
Venue: Fernwood Fitness
Faculty: Sport
Attending Staff: Tracey Sheppard
Created By: Tracey Sheppard
","13:45:00","14:45:00","",""
"2026-03-27","Event","E30771","Year 12 GRIT","","","","",""
"2026-03-27","Event","E30705","Year 11 Mini-Assessment Block - TBC","","","","","11"
"2026-03-30","Event","E31908","Year 9 Sport 2026","Date: 30/03/2026 01:45pm - 02:45pm
Description: Year 9 Sport 2026
Participants: Year 9
Venue: Hornsby Girls High School, Mark Taylor oval
Faculty: Sport
Attending Staff: Cathy Croudace
Created By: Tracey Sheppard
","13:45:00","14:45:00","",""
"2026-03-30","Event","E30705","Year 11 Mini-Assessment Block - TBC","","","","","11"
"2026-03-30","Recurring","R2142","Week A","","","","",""
"2026-03-31","Event","E30705","Year 11 Mini-Assessment Block - TBC","","","","","11"
"2026-04-01","Event","E30784","Staff Meeting - Influenza Vaccinations - 2pm - 3.45 pm","Booking made for 2.00 pm to 3.45 pm with Harbour Health. Details: mail@harbourhealthcare.com.au","","","",""
"2026-04-01","Event","E31708","Workplace Health and Safety Meeting","","","","",""
"2026-04-01","Event","E31761","House Choir Assembly","","","","",""
"2026-04-02","Event","E31659","HSC NESA Disability Provisions Applications Due","","","","","12"
"2026-04-02","Event","E31815","Year 10 Charity Day - Mufti","","","","","10"
"2026-04-02","Event","E31680","Mandatory Evacuation Drill 1 - Back Up Date","To commence at 9.45 am","","","",""
"2026-04-03","Event","E31816","Year 10 Charity Day back up","","","","","10"
"2026-04-03","Event","E30768","Year 11 Building Strength","","","","",""
"2026-04-06","Recurring","R2141","Week B","","","","",""
"2026-04-13","Recurring","R2142","Week A","","","","",""
"2026-04-20","Event","E31909","Year 9 Sport 2026","Date: 20/04/2026 01:45pm - 02:45pm
Description: Year 9 Sport 2026
Participants: Year 9
Venue: Hornsby Girls High School, Mark Taylor oval
Faculty: Sport
Attending Staff: Cathy Croudace
Created By: Tracey Sheppard
","13:45:00","14:45:00","",""
"2026-04-20","Event","E30595","Staff Development Day 1 - T2","","","","",""
"2026-04-20","Recurring","R2141","Week B","","","","",""
"2026-04-21","Event","E30596","Staff Development Day 2 - T2","","","","",""
"2026-04-22","Event","E30759","Personal Best Reflections Open Year 11","","","","",""
"2026-04-22","Event","E31720","Meeting: Faculty and Teacher Driven Time","","","","",""
"2026-04-22","Event","E31762","Anzac Day Assembly (Whole School)","","","","",""
"2026-04-23","Event","E31095","Cross Country - Pennant Hills Park","","","","",""
"2026-04-24","Event","E31879","Year 10 Sport 2026","Date: 24/04/2026 01:45pm - 02:45pm
Description: Year 10 Sport 2026 - Fernwood Fitness
Participants: Year 10 - 3 groups on rotation
Venue: Fernwood Fitness
Faculty: Sport
Attending Staff: Tracey Sheppard
Created By: Tracey Sheppard
","13:45:00","14:45:00","",""
"2026-04-24","Event","E30774","Year 12 GRIT","","","","",""
"2026-04-27","Event","E31910","Year 9 Sport 2026","Date: 27/04/2026 01:45pm - 02:45pm
Description: Year 9 Sport 2026
Participants: Year 9
Venue: Hornsby Girls High School, Mark Taylor oval
Faculty: Sport
Attending Staff: Cathy Croudace
Created By: Tracey Sheppard
","13:45:00","14:45:00","",""
"2026-04-27","Recurring","R2142","Week A","","","","",""
"2026-04-28","Event","E31689","Year 7 Peer Support","9:35am - Cola - Teachers to bring their class down and help with supervision.","","","","7"
"2026-04-29","Event","E30758","Personal Best Reflections Due - Year 12","","","","",""
"2026-04-29","Event","E31721","Whole Staff Meeting","","","","",""
"2026-04-29","Event","E31097","House Meetings - Athletics Carnival","","","","",""
"2026-04-30","Event","E31096","Cross Country Back Up Date - HGHS","","","","",""
"2026-05-01","Event","E31828","Selective High School Placement Tests at HGHS","","","","",""
"2026-05-01","Event","E30760","Personal Best Reflections Due Year 11","","","","",""
"2026-05-01","Event","E31650","Year 11 Legal Aid Presentation (Life Ready)","Date: 01/05/2026 11:35am - 12:55pm
Description: The Year 11 Life Ready program is part of the mandatory&nbsp;25-hour course&nbsp;designed to prepare and support senior students as they encounter situations related to their health and safety and future life experiences. As part of the program the following presentation has been selected.Legal Life Skills (T2W2 01/05/2026): Run by Legal Aid NSW, this program provides students with legal skills as they get closer to adulthood and independence. The topic areas will help young people to identify problems that a lawyer can help them with. Topics covered include mobile phone/car contracts, money, fines, workplace rights, renting and credit debt.
Participants: Year 11 Cohort, 2026
Venue: Hornsby Girls High School
Faculty: Wellbeing/PDHPE
Attending Staff: Tracey Hoang
Created By: Tracey Hoang
","11:35:00","12:55:00","",""
"2026-05-01","Event","E31880","Year 10 Sport 2026","Date: 01/05/2026 01:45pm - 02:45pm
Description: Year 10 Sport 2026 - Fernwood Fitness
Participants: Year 10 - 3 groups on rotation
Venue: Fernwood Fitness
Faculty: Sport
Attending Staff: Tracey Sheppard
Created By: Tracey Sheppard
","13:45:00","14:45:00","",""
"2026-05-01","Event","E30772","Year 11 Building Strength - TBC","","","","",""
"2026-05-02","Event","E31829","Selective High School Placement Tests at HGHS","","","","",""
"2026-05-04","Event","E31911","Year 9 Sport 2026","Date: 04/05/2026 01:45pm - 02:45pm
Description: Year 9 Sport 2026
Participants: Year 9
Venue: Hornsby Girls High School, Mark Taylor oval
Faculty: Sport
Attending Staff: Cathy Croudace
Created By: Tracey Sheppard
","13:45:00","14:45:00","",""
"2026-05-04","Recurring","R2141","Week B","","","","",""
"2026-05-05","Event","E31689","Year 7 Peer Support","9:35am - Cola - Teachers to bring their class down and help with supervision.","","","","7"
"2026-05-06","Event","E31722","Faculty Meetings","","","","",""
"2026-05-06","Event","E31763","House Choir Assemblies","","","","",""
"2026-05-07","Event","E31711","AECG Meeting- 4pm","","","","",""
"2026-05-08","Event","E31830","OC Placement Tests at HGHS","","","","",""
"2026-05-08","Event","E31067","2026 School Athletics Carnival","","","","",""
"2026-05-08","Event","E30774","Year 12 GRIT","","","","",""
"2026-05-09","Event","E31831","OC Placement Tests at HGHS","","","","",""
"2026-05-11","Event","E31912","Year 9 Sport 2026","Date: 11/05/2026 01:45pm - 02:45pm
Description: Year 9 Sport 2026
Participants: Year 9
Venue: Hornsby Girls High School, Mark Taylor oval
Faculty: Sport
Attending Staff: Cathy Croudace
Created By: Tracey Sheppard
","13:45:00","14:45:00","",""
"2026-05-11","Recurring","R2142","Week A","","","","",""
"2026-05-12","Event","E31690","Year 7 Peer Support","11:10am - Cola - Teachers to bring their class down and help with supervision.","","","","7"
"2026-05-13","Event","E31723","Faculty Meetings","","","","",""
"2026-05-13","Event","E31764","Year Assemblies (Focus on Examination Stress and RIOT)","","","","",""
"2026-05-14","Event","E31637","Autumn Concert - Hornsby RSL","","","","",""
"2026-05-15","Event","E31648","Year 11 Talk Money Workshops (Life Ready)","Date: 15/05/2026 11:35am - 12:55pm
Description: The Year 11 Life Ready program is part of the mandatory&nbsp;25-hour course&nbsp;designed to prepare and support senior students as they encounter situations related to their health and safety and future life experiences. As part of the program the following program has been selected to be run in 2026.Talk Money Workshop A and B (T2W4 Friday 15/05/2026 and T2W6 29/05/2026): 2x 60min workshops exploring ways to make money to help build financial independence and how to navigate the workplace including understanding their rights at work and managing superannuation and tax.
Participants: Year 11 Cohort, 2026
Venue: Hornsby Girls High School
Faculty: Wellbeing/PDHPE
Attending Staff: Tracey Hoang
Created By: Tracey Hoang
","11:35:00","12:55:00","",""
"2026-05-15","Event","E31881","Year 10 Sport 2026","Date: 15/05/2026 01:45pm - 02:45pm
Description: Year 10 Sport 2026 - Fernwood Fitness
Participants: Year 10 - 3 groups on rotation
Venue: Fernwood Fitness
Faculty: Sport
Attending Staff: Tracey Sheppard
Created By: Tracey Sheppard
","13:45:00","14:45:00","",""
"2026-05-15","Event","E30772","Year 11 Building Strength - TBC","","","","",""
"2026-05-18","Event","E31934","No Year 10 Work Experience","","","","",""
"2026-05-18","Event","E31913","Year 9 Sport 2026","Date: 18/05/2026 01:45pm - 02:45pm
Description: Year 9 Sport 2026
Participants: Year 9
Venue: Hornsby Girls High School, Mark Taylor oval
Faculty: Sport
Attending Staff: Cathy Croudace
Created By: Tracey Sheppard
","13:45:00","14:45:00","",""
"2026-05-18","Recurring","R2160","Year 10 Assessment Week","","","","","10"
"2026-05-18","Recurring","R2141","Week B","","","","",""
"2026-05-19","Event","E31701","HSC Geography Fieldwork to Barangaroo","Year 11 and 12 Students","","","",""
"2026-05-19","Event","E31866","UTS Discovery Day - STEM","25 students","","","",""
"2026-05-19","Event","E31860","Year 11 Accelerated Geography Field Work","","","","",""
"2026-05-19","Event","E31934","No Year 10 Work Experience","","","","",""
"2026-05-19","Recurring","R2160","Year 10 Assessment Week","","","","","10"
"2026-05-19","Event","E31690","Year 7 Peer Support","11:10am - Cola - Teachers to bring their class down and help with supervision.","","","","7"
"2026-05-20","Event","E31688","Year 11 and 12 Parent Teacher Night - 3pm - 7pm","","","","",""
"2026-05-20","Event","E31765","House Choir Assemblies","","","","",""
"2026-05-20","Event","E31934","No Year 10 Work Experience","","","","",""
"2026-05-20","Recurring","R2160","Year 10 Assessment Week","","","","","10"
"2026-05-21","Event","E31934","No Year 10 Work Experience","","","","",""
"2026-05-21","Recurring","R2160","Year 10 Assessment Week","","","","","10"
"2026-05-22","Event","E31832","Selective and OC Make-Up Tests at HGHS","","","","",""
"2026-05-22","Event","E31817","Year 11 Charity Day - Mufti","","","","","11"
"2026-05-22","Event","E31934","No Year 10 Work Experience","","","","",""
"2026-05-22","Event","E30774","Year 12 GRIT","","","","",""
"2026-05-22","Recurring","R2160","Year 10 Assessment Week","","","","","10"
"2026-05-25","Event","E31621","Zone Cross Country Meadowbank","","","","",""
"2026-05-25","Recurring","R2161","Year 9 Assessment Week","","","","",""
"2026-05-25","Recurring","R2142","Week A","","","","",""
"2026-05-26","Event","E31071","External Validation Panel Meeting- 9.30 am (Justin, Vanessa and Amanda)","","","","",""
"2026-05-26","Recurring","R2161","Year 9 Assessment Week","","","","",""
"2026-05-26","Event","E31691","Year 7 Peer Support","12:30pm - Cola Teachers to bring their class down and help with supervision.","","","","7"
"2026-05-27","Event","E31724","Meetings: Teacher Driven PL and Planning","","","","",""
"2026-05-27","Event","E31766","House Choir Assembly","","","","",""
"2026-05-27","Recurring","R2161","Year 9 Assessment Week","","","","",""
"2026-05-28","Recurring","R2161","Year 9 Assessment Week","","","","",""
"2026-05-29","Event","E31649","Year 11 Talk Money Workshops (Life Ready)","Date: 29/05/2026 11:35am - 12:55pm
Description: The Year 11 Life Ready program is part of the mandatory&nbsp;25-hour course&nbsp;designed to prepare and support senior students as they encounter situations related to their health and safety and future life experiences. As part of the program the following program has been selected to be run in 2026.Talk Money Workshop A and B (T2W4 Friday 15/05/2026 and T2W6 29/05/2026): 2x 60min workshops exploring ways to make money to help build financial independence and how to navigate the workplace including understanding their rights at work and managing superannuation and tax.
Participants: Year 11 Cohort, 2026
Venue: Hornsby Girls High School
Faculty: Wellbeing/PDHPE
Attending Staff: Tracey Hoang
Created By: Tracey Hoang
","11:35:00","12:55:00","",""
"2026-05-29","Event","E31882","Year 10 Sport 2026","Date: 29/05/2026 01:45pm - 02:45pm
Description: Year 10 Sport 2026 - Fernwood Fitness
Participants: Year 10 - 3 groups on rotation
Venue: Fernwood Fitness
Faculty: Sport
Attending Staff: Tracey Sheppard
Created By: Tracey Sheppard
","13:45:00","14:45:00","",""
"2026-05-29","Event","E31818","Year 11 Charity Day - Back up","","","","","11"
"2026-05-29","Event","E30772","Year 11 Building Strength - TBC","","","","",""
"2026-05-29","Recurring","R2161","Year 9 Assessment Week","","","","",""
"2026-06-01","Event","E30756","Personal Best Reflections Open Year 8 - 10","","","","",""
"2026-06-01","Event","E31914","Year 9 Sport 2026","Date: 01/06/2026 01:45pm - 02:45pm
Description: Year 9 Sport 2026
Participants: Year 9
Venue: Hornsby Girls High School, Mark Taylor oval
Faculty: Sport
Attending Staff: Cathy Croudace
Created By: Tracey Sheppard
","13:45:00","14:45:00","",""
"2026-06-01","Event","E31622","Zone Cross Country Reserve Date","","","","",""
"2026-06-01","Recurring","R2141","Week B","","","","",""
"2026-06-02","Event","E30793","No Year 12 Assessment Tasks","","","","",""
"2026-06-02","Event","E31691","Year 7 Peer Support","12:30pm - Cola Teachers to bring their class down and help with supervision.","","","","7"
"2026-06-03","Event","E30793","No Year 12 Assessment Tasks","","","","",""
"2026-06-03","Event","E31725","Faculty Meetings","","","","",""
"2026-06-03","Event","E31767","House Choir Assemblies","","","","",""
"2026-06-04","Event","E30793","No Year 12 Assessment Tasks","","","","",""
"2026-06-04","Event","E31862","Write a Book In a Day TBC","","","","","8"
"2026-06-05","Event","E31883","Year 10 Sport 2026","Date: 05/06/2026 01:45pm - 02:45pm
Description: Year 10 Sport 2026 - Fernwood Fitness
Participants: Year 10 - 3 groups on rotation
Venue: Fernwood Fitness
Faculty: Sport
Attending Staff: Tracey Sheppard
Created By: Tracey Sheppard
","13:45:00","14:45:00","",""
"2026-06-05","Event","E31625","Zone Athletics - Sydney Olympic Park","","","","",""
"2026-06-05","Event","E30793","No Year 12 Assessment Tasks","","","","",""
"2026-06-05","Event","E30774","Year 12 GRIT","","","","",""
"2026-06-08","Event","E30794","King's Birthday Long Weekend","","","","",""
"2026-06-08","Recurring","R2142","Week A","","","","",""
"2026-06-09","Event","E30793","No Year 12 Assessment Tasks","","","","",""
"2026-06-09","Event","E31692","Year 7 Peer Support","2:25pm - Cola  - Teachers to bring their class down and help with supervision.","","","","7"
"2026-06-10","Event","E31726","Staff Meeting","","","","",""
"2026-06-10","Event","E31750","Workplace Health and Safety Meeting","","","","",""
"2026-06-10","Event","E31768","Whole School Assembly","","","","",""
"2026-06-10","Recurring","R2145","Year 12 Assessment Block","","","","",""
"2026-06-11","Recurring","R2145","Year 12 Assessment Block","","","","",""
"2026-06-12","Event","E30773","Personal Best Reflections Due - 8 - 10","","","","",""
"2026-06-12","Event","E31868","UTS Discovery Day - Health and Sport","25 students","","","",""
"2026-06-12","Event","E31884","Year 10 Sport 2026","Date: 12/06/2026 01:45pm - 02:45pm
Description: Year 10 Sport 2026 - Fernwood Fitness
Participants: Year 10 - 3 groups on rotation
Venue: Fernwood Fitness
Faculty: Sport
Attending Staff: Tracey Sheppard
Created By: Tracey Sheppard
","13:45:00","14:45:00","",""
"2026-06-12","Event","E31626","Sydney North Cross Country - Wyong Race Track","","","","",""
"2026-06-12","Event","E30772","Year 11 Building Strength - TBC","","","","",""
"2026-06-12","Recurring","R2145","Year 12 Assessment Block","","","","",""
"2026-06-15","Event","E30790","Year 12 Assessment Block","","","","",""
"2026-06-15","Event","E31915","Year 9 Sport 2026","Date: 15/06/2026 01:45pm - 02:45pm
Description: Year 9 Sport 2026
Participants: Year 9
Venue: Hornsby Girls High School, Mark Taylor oval
Faculty: Sport
Attending Staff: Cathy Croudace
Created By: Tracey Sheppard
","13:45:00","14:45:00","",""
"2026-06-15","Recurring","R2141","Week B","","","","",""
"2026-06-16","Recurring","R2146","Year 12 Assessment Block","","","","",""
"2026-06-16","Event","E31692","Year 7 Peer Support","2:25pm - Cola  - Teachers to bring their class down and help with supervision.","","","","7"
"2026-06-17","Event","E31727","Teacher Driven Time - PL, marking, reporting and planning","","","","",""
"2026-06-17","Event","E31769","Year Assemblies","","","","",""
"2026-06-17","Recurring","R2146","Year 12 Assessment Block","","","","",""
"2026-06-18","Event","E31712","AECG meeting- 4pm","","","","",""
"2026-06-18","Event","E30791","Year 12 Assessment Block Reschedule Day","","","","",""
"2026-06-19","Event","E31885","Year 10 Sport 2026","Date: 19/06/2026 01:45pm - 02:45pm
Description: Year 10 Sport 2026 - Fernwood Fitness
Participants: Year 10 - 3 groups on rotation
Venue: Fernwood Fitness
Faculty: Sport
Attending Staff: Tracey Sheppard
Created By: Tracey Sheppard
","13:45:00","14:45:00","",""
"2026-06-19","Event","E30774","Year 12 GRIT","","","","",""
"2026-06-22","Event","E31916","Year 9 Sport 2026","Date: 22/06/2026 01:45pm - 02:45pm
Description: Year 9 Sport 2026
Participants: Year 9
Venue: Hornsby Girls High School, Mark Taylor oval
Faculty: Sport
Attending Staff: Cathy Croudace
Created By: Tracey Sheppard
","13:45:00","14:45:00","",""
"2026-06-22","Recurring","R2142","Week A","","","","",""
"2026-06-22","Event","E31681","Mandatory Evacuation Drill 2","To commence at 9.45 am","","","",""
"2026-06-23","Event","E30792","Year 11 Common Assessment Block TBC","","","","",""
"2026-06-24","Event","E31671","Year 9 Camp","","","","",""
"2026-06-24","Event","E31728","Meetings: Program registration and evaluation","","","","",""
"2026-06-24","Event","E31770","House Choir Assembly","","","","",""
"2026-06-25","Event","E31671","Year 9 Camp","","","","",""
"2026-06-26","Event","E31886","Year 10 Sport 2026","Date: 26/06/2026 01:45pm - 02:45pm
Description: Year 10 Sport 2026 - Fernwood Fitness
Participants: Year 10 - 3 groups on rotation
Venue: Fernwood Fitness
Faculty: Sport
Attending Staff: Tracey Sheppard
Created By: Tracey Sheppard
","13:45:00","14:45:00","",""
"2026-06-26","Event","E31671","Year 9 Camp","","","","",""
"2026-06-26","Event","E30772","Year 11 Building Strength - TBC","","","","",""
"2026-06-29","Event","E31917","Year 9 Sport 2026","Date: 29/06/2026 01:45pm - 02:45pm
Description: Year 9 Sport 2026
Participants: Year 9
Venue: Hornsby Girls High School, Mark Taylor oval
Faculty: Sport
Attending Staff: Cathy Croudace
Created By: Tracey Sheppard
","13:45:00","14:45:00","",""
"2026-06-29","Recurring","R2164","SRC Spirit Week","","","","",""
"2026-06-29","Recurring","R2141","Week B","","","","",""
"2026-06-29","Event","E31682","Mandatory Evacuation Drill Two - Back Up Date","","","","",""
"2026-06-30","Event","E30792","Year 11 Common Assessment Block TBC","","","","",""
"2026-06-30","Recurring","R2164","SRC Spirit Week","","","","",""
"2026-07-01","Event","E31869","UTS Discovery Day - Business and Law","25 Students","","","",""
"2026-07-01","Event","E31729","PDP Mid Year Review","","","","",""
"2026-07-01","Event","E31771","House Choir Assembly","","","","",""
"2026-07-01","Recurring","R2164","SRC Spirit Week","","","","",""
"2026-07-02","Recurring","R2164","SRC Spirit Week","","","","",""
"2026-07-03","Event","E31867","UTS Discovery Day - Design and Society","25 Students","","","",""
"2026-07-03","Event","E31660","HSC Student Photos to be uploaded to NESA by today","","","","",""
"2026-07-03","Event","E30774","Year 12 GRIT","","","","",""
"2026-07-03","Recurring","R2164","SRC Spirit Week","","","","",""
"2026-07-06","Recurring","R2142","Week A","","","","",""
"2026-07-13","Recurring","R2141","Week B","","","","",""
"2026-07-20","Event","E31918","Year 9 Sport 2026","Date: 20/07/2026 01:45pm - 02:45pm
Description: Year 9 Sport 2026
Participants: Year 9
Venue: Hornsby Girls High School, Mark Taylor oval
Faculty: Sport
Attending Staff: Cathy Croudace
Created By: Tracey Sheppard
","13:45:00","14:45:00","",""
"2026-07-20","Event","E30597","Staff Development Day 1 - T3","","","","",""
"2026-07-20","Recurring","R2142","Week A","","","","",""
"2026-07-21","Recurring","R2152","No Year 12 Assessment Tasks","","","","",""
"2026-07-21","Event","E30766","Year 7 Transition Day - Semester 2","","","","",""
"2026-07-22","Event","E30590","Year 7 Camp","","","","",""
"2026-07-22","Event","E31687","Year 7 and 9 Parent Teacher Night - 3pm - 7 pm","","","","",""
"2026-07-22","Event","E31772","Whole School Assembly","","","","",""
"2026-07-22","Recurring","R2152","No Year 12 Assessment Tasks","","","","",""
"2026-07-23","Event","E30590","Year 7 Camp","","","","",""
"2026-07-23","Recurring","R2152","No Year 12 Assessment Tasks","","","","",""
"2026-07-24","Event","E31020","Year 8 Cultural and Cooking Incursion","","","","","8"
"2026-07-24","Event","E31887","Year 10 Sport 2026","Date: 24/07/2026 01:45pm - 02:45pm
Description: Year 10 Sport 2026 - Fernwood Fitness
Participants: Year 10 - 3 groups on rotation
Venue: Fernwood Fitness
Faculty: Sport
Attending Staff: Tracey Sheppard
Created By: Tracey Sheppard
","13:45:00","14:45:00","",""
"2026-07-24","Event","E30590","Year 7 Camp","","","","",""
"2026-07-24","Recurring","R2152","No Year 12 Assessment Tasks","","","","",""
"2026-07-24","Event","E31488","Life Ready - Year 11 All Day","","","","","11"
"2026-07-27","Event","E31919","Year 9 Sport 2026","Date: 27/07/2026 01:45pm - 02:45pm
Description: Year 9 Sport 2026
Participants: Year 9
Venue: Hornsby Girls High School, Mark Taylor oval
Faculty: Sport
Attending Staff: Cathy Croudace
Created By: Tracey Sheppard
","13:45:00","14:45:00","",""
"2026-07-27","Event","E31627","Sydney North Athletics - SOPA","","","","",""
"2026-07-27","Recurring","R2153","No Year 12 Assessment Tasks","","","","",""
"2026-07-27","Recurring","R2141","Week B","","","","",""
"2026-07-28","Event","E31627","Sydney North Athletics - SOPA","","","","",""
"2026-07-28","Recurring","R2153","No Year 12 Assessment Tasks","","","","",""
"2026-07-29","Event","E31686","Year 8 and 10 Parent Teacher Night 3pm - 7 pm","","","","",""
"2026-07-29","Event","E31773","Year Assemblies","","","","",""
"2026-07-29","Recurring","R2153","No Year 12 Assessment Tasks","","","","",""
"2026-07-30","Recurring","R2153","No Year 12 Assessment Tasks","","","","",""
"2026-07-31","Event","E31888","Year 10 Sport 2026","Date: 31/07/2026 01:45pm - 02:45pm
Description: Year 10 Sport 2026 - Fernwood Fitness
Participants: Year 10 - 3 groups on rotation
Venue: Fernwood Fitness
Faculty: Sport
Attending Staff: Tracey Sheppard
Created By: Tracey Sheppard
","13:45:00","14:45:00","",""
"2026-07-31","Recurring","R2153","No Year 12 Assessment Tasks","","","","",""
"2026-07-31","Event","E31677","Year 12 HSC Study Day","","","","",""
"2026-08-03","Event","E31920","Year 9 Sport 2026","Date: 03/08/2026 01:45pm - 02:45pm
Description: Year 9 Sport 2026
Participants: Year 9
Venue: Hornsby Girls High School, Mark Taylor oval
Faculty: Sport
Attending Staff: Cathy Croudace
Created By: Tracey Sheppard
","13:45:00","14:45:00","",""
"2026-08-03","Recurring","R2148","HSC Trials","","","","",""
"2026-08-03","Recurring","R2142","Week A","","","","",""
"2026-08-04","Event","E31794","Australian Mathematics Competition Years 7 - 10","","","","",""
"2026-08-04","Recurring","R2148","HSC Trials","","","","",""
"2026-08-05","Event","E31730","Faculty Meetings","","","","",""
"2026-08-05","Event","E31774","SWLBeing","","","","",""
"2026-08-05","Recurring","R2148","HSC Trials","","","","",""
"2026-08-06","Recurring","R2148","HSC Trials","","","","",""
"2026-08-07","Event","E31889","Year 10 Sport 2026","Date: 07/08/2026 01:45pm - 02:45pm
Description: Year 10 Sport 2026 - Fernwood Fitness
Participants: Year 10 - 3 groups on rotation
Venue: Fernwood Fitness
Faculty: Sport
Attending Staff: Tracey Sheppard
Created By: Tracey Sheppard
","13:45:00","14:45:00","",""
"2026-08-07","Recurring","R2148","HSC Trials","","","","",""
"2026-08-07","Event","E31489","Year 11 Building Strength","","","","","11"
"2026-08-08","Event","E31836","HAST Tests","","","","",""
"2026-08-08","Recurring","R2148","HSC Trials","","","","",""
"2026-08-09","Recurring","R2148","HSC Trials","","","","",""
"2026-08-10","Event","E31921","Year 9 Sport 2026","Date: 10/08/2026 01:45pm - 02:45pm
Description: Year 9 Sport 2026
Participants: Year 9
Venue: Hornsby Girls High School, Mark Taylor oval
Faculty: Sport
Attending Staff: Cathy Croudace
Created By: Tracey Sheppard
","13:45:00","14:45:00","",""
"2026-08-10","Recurring","R2148","HSC Trials","","","","",""
"2026-08-10","Recurring","R2141","Week B","","","","",""
"2026-08-11","Recurring","R2148","HSC Trials","","","","",""
"2026-08-12","Event","E31731","Whole Staff Meeting","","","","",""
"2026-08-12","Event","E31749","Workplace Health and Safety Meeting","","","","",""
"2026-08-12","Event","E31775","Year Assemblies","","","","",""
"2026-08-12","Recurring","R2148","HSC Trials","","","","",""
"2026-08-13","Event","E31669","Year 7 Vaccinations","","","","",""
"2026-08-13","Recurring","R2148","HSC Trials","","","","",""
"2026-08-14","Event","E31890","Year 10 Sport 2026","Date: 14/08/2026 01:45pm - 02:45pm
Description: Year 10 Sport 2026 - Fernwood Fitness
Participants: Year 10 - 3 groups on rotation
Venue: Fernwood Fitness
Faculty: Sport
Attending Staff: Tracey Sheppard
Created By: Tracey Sheppard
","13:45:00","14:45:00","",""
"2026-08-14","Recurring","R2148","HSC Trials","","","","",""
"2026-08-15","Recurring","R2148","HSC Trials","","","","",""
"2026-08-16","Recurring","R2148","HSC Trials","","","","",""
"2026-08-17","Event","E31922","Year 9 Sport 2026","Date: 17/08/2026 01:45pm - 02:45pm
Description: Year 9 Sport 2026
Participants: Year 9
Venue: Hornsby Girls High School, Mark Taylor oval
Faculty: Sport
Attending Staff: Cathy Croudace
Created By: Tracey Sheppard
","13:45:00","14:45:00","",""
"2026-08-17","Recurring","R2148","HSC Trials","","","","",""
"2026-08-17","Recurring","R2142","Week A","","","","",""
"2026-08-18","Event","E31863","Year 7 Games Day + 40 year 10 students","Year 7 and year 10 leaders/refs.","","","","7"
"2026-08-18","Recurring","R2148","HSC Trials","","","","",""
"2026-08-19","Event","E31732","Faculty Meeting","","","","",""
"2026-08-19","Event","E31776","SWLBeing","","","","",""
"2026-08-19","Recurring","R2148","HSC Trials","","","","",""
"2026-08-20","Event","E31713","AECG Meeting- 4 pm","","","","",""
"2026-08-20","Recurring","R2148","HSC Trials","","","","",""
"2026-08-21","Event","E31891","Year 10 Sport 2026","Date: 21/08/2026 01:45pm - 02:45pm
Description: Year 10 Sport 2026 - Fernwood Fitness
Participants: Year 10 - 3 groups on rotation
Venue: Fernwood Fitness
Faculty: Sport
Attending Staff: Tracey Sheppard
Created By: Tracey Sheppard
","13:45:00","14:45:00","",""
"2026-08-21","Recurring","R2148","HSC Trials","","","","",""
"2026-08-21","Event","E31490","Year 11 Building Strength","","","","","11"
"2026-08-24","Event","E31923","Year 9 Sport 2026","Date: 24/08/2026 01:45pm - 02:45pm
Description: Year 9 Sport 2026
Participants: Year 9
Venue: Hornsby Girls High School, Mark Taylor oval
Faculty: Sport
Attending Staff: Cathy Croudace
Created By: Tracey Sheppard
","13:45:00","14:45:00","",""
"2026-08-24","Recurring","R2141","Week B","","","","",""
"2026-08-25","Event","E31864","Year 7 Games Day reserve date","","","","","7"
"2026-08-25","Event","E31703","Year 10 Mandatory Geography Excursion","","","","",""
"2026-08-26","Event","E31733","Faculty and Teacher Driven Time","","","","",""
"2026-08-26","Event","E31777","Whole School Assembly","","","","",""
"2026-08-27","Event","E31683","Lockdown Drill - TBC","","","","",""
"2026-08-28","Event","E31684","Lockdown Drill Back Up Date","","","","",""
"2026-08-28","Event","E31892","Year 10 Sport 2026","Date: 28/08/2026 01:45pm - 02:45pm
Description: Year 10 Sport 2026 - Fernwood Fitness
Participants: Year 10 - 3 groups on rotation
Venue: Fernwood Fitness
Faculty: Sport
Attending Staff: Tracey Sheppard
Created By: Tracey Sheppard
","13:45:00","14:45:00","",""
"2026-08-31","Event","E31826","Year 12 NESA BOW due","","","","",""
"2026-08-31","Event","E31924","Year 9 Sport 2026","Date: 31/08/2026 01:45pm - 02:45pm
Description: Year 9 Sport 2026
Participants: Year 9
Venue: Hornsby Girls High School, Mark Taylor oval
Faculty: Sport
Attending Staff: Cathy Croudace
Created By: Tracey Sheppard
","13:45:00","14:45:00","",""
"2026-08-31","Recurring","R2151","No Year 11 Assessments","","","","",""
"2026-08-31","Recurring","R2142","Week A","","","","",""
"2026-09-01","Recurring","R2151","No Year 11 Assessments","","","","",""
"2026-09-02","Event","E31734","Faculty Meetings","","","","",""
"2026-09-02","Event","E31827","CAPA Showcase Night","","","","",""
"2026-09-02","Event","E31778","SWLBeing","","","","",""
"2026-09-02","Recurring","R2151","No Year 11 Assessments","","","","",""
"2026-09-03","Recurring","R2151","No Year 11 Assessments","","","","",""
"2026-09-03","Event","E31685","Year 9 into 10 Subject Information Meeting - P1","This will likely only take 40 minutes so students will return to class.","","","","9"
"2026-09-04","Event","E31487","Building Strength - Paws the Pressure - P3","","","","",""
"2026-09-04","Recurring","R2151","No Year 11 Assessments","","","","",""
"2026-09-04","Event","E31632","Year 10 House Leaders Information Assembly and 2 pm Beach Safety Talk","","","","",""
"2026-09-07","Event","E31925","Year 9 Sport 2026","Date: 07/09/2026 01:45pm - 02:45pm
Description: Year 9 Sport 2026
Participants: Year 9
Venue: Hornsby Girls High School, Mark Taylor oval
Faculty: Sport
Attending Staff: Cathy Croudace
Created By: Tracey Sheppard
","13:45:00","14:45:00","",""
"2026-09-07","Recurring","R2149","Year 11 Assessment Week","","","","",""
"2026-09-07","Recurring","R2141","Week B","","","","",""
"2026-09-08","Recurring","R2149","Year 11 Assessment Week","","","","",""
"2026-09-09","Event","E31735","Faculty Meetings","","","","",""
"2026-09-09","Event","E31779","SWLBeing","","","","",""
"2026-09-09","Recurring","R2149","Year 11 Assessment Week","","","","",""
"2026-09-10","Event","E31670","Year 7 Vaccinations","","","","",""
"2026-09-10","Recurring","R2149","Year 11 Assessment Week","","","","",""
"2026-09-11","Event","E31893","Year 10 Sport 2026","Date: 11/09/2026 01:45pm - 02:45pm
Description: Year 10 Sport 2026 - Fernwood Fitness
Participants: Year 10 - 3 groups on rotation
Venue: Fernwood Fitness
Faculty: Sport
Attending Staff: Tracey Sheppard
Created By: Tracey Sheppard
","13:45:00","14:45:00","",""
"2026-09-11","Recurring","R2149","Year 11 Assessment Week","","","","",""
"2026-09-14","Event","E31926","Year 9 Sport 2026","Date: 14/09/2026 01:45pm - 02:45pm
Description: Year 9 Sport 2026
Participants: Year 9
Venue: Hornsby Girls High School, Mark Taylor oval
Faculty: Sport
Attending Staff: Cathy Croudace
Created By: Tracey Sheppard
","13:45:00","14:45:00","",""
"2026-09-14","Recurring","R2150","Year 11 Assessment Week","","","","",""
"2026-09-14","Recurring","R2142","Week A","","","","",""
"2026-09-15","Event","E31661","HSC Assessment Marks due to NESA","","","","",""
"2026-09-15","Event","E31819","Year 9 Charity Day - Mufti","","","","","9"
"2026-09-15","Recurring","R2150","Year 11 Assessment Week","","","","",""
"2026-09-16","Event","E30795","Year 11 Assessment Reschedule Day","","","","",""
"2026-09-16","Event","E31631","Year 8 Games Day +40 year 10 students","","","","","8,10"
"2026-09-16","Event","E31736","Whole Staff Meeting","","","","",""
"2026-09-16","Event","E31780","Year Assemblies","","","","",""
"2026-09-17","Event","E31638","Spring Concert Hornsby RSL","","","","",""
"2026-09-17","Event","E31820","Year 9 Charity Day - Back up","","","","","9"
"2026-09-18","Event","E31662","Principal Certification of HSC Assessment Marks","","","","",""
"2026-09-18","Event","E31894","Year 10 Sport 2026","Date: 18/09/2026 01:45pm - 02:45pm
Description: Year 10 Sport 2026 - Fernwood Fitness
Participants: Year 10 - 3 groups on rotation
Venue: Fernwood Fitness
Faculty: Sport
Attending Staff: Tracey Sheppard
Created By: Tracey Sheppard
","13:45:00","14:45:00","",""
"2026-09-18","Event","E31491","Year 11 into Year 12 Information Session","","","","","11"
"2026-09-21","Event","E31492","Year 12 Graduation Dinner 2026 - TBC","","","","","12"
"2026-09-21","Event","E31927","Year 9 Sport 2026","Date: 21/09/2026 01:45pm - 02:45pm
Description: Year 9 Sport 2026
Participants: Year 9
Venue: Hornsby Girls High School, Mark Taylor oval
Faculty: Sport
Attending Staff: Cathy Croudace
Created By: Tracey Sheppard
","13:45:00","14:45:00","",""
"2026-09-21","Recurring","R2141","Week B","","","","",""
"2026-09-22","Event","E31493","Year 12 Concert Day","","","","","12"
"2026-09-23","Event","E31494","Year 12 Clap Out Assembly Recess and Period 3","","","","","12"
"2026-09-23","Event","E31737","Faculty Meetings - NESA programs, evaluations and registrations","","","","",""
"2026-09-24","Event","E31495","Optional HSC Examinations","","","","",""
"2026-09-25","Event","E31895","Year 10 Sport 2026","Date: 25/09/2026 01:45pm - 02:45pm
Description: Year 10 Sport 2026 - Fernwood Fitness
Participants: Year 10 - 3 groups on rotation
Venue: Fernwood Fitness
Faculty: Sport
Attending Staff: Tracey Sheppard
Created By: Tracey Sheppard
","13:45:00","14:45:00","",""
"2026-09-25","Event","E31495","Optional HSC Examinations","","","","",""
"2026-09-25","Event","E31672","Peer Support Training and Application Day","","","","","9"
"2026-09-28","Recurring","R2142","Week A","","","","",""
"2026-10-05","Recurring","R2141","Week B","","","","",""
"2026-10-12","Event","E31928","Year 9 Sport 2026","Date: 12/10/2026 01:45pm - 02:45pm
Description: Year 9 Sport 2026
Participants: Year 9
Venue: Hornsby Girls High School, Mark Taylor oval
Faculty: Sport
Attending Staff: Cathy Croudace
Created By: Tracey Sheppard
","13:45:00","14:45:00","",""
"2026-10-12","Event","E30599","Staff Development Day 1 - T4","","","","",""
"2026-10-12","Recurring","R2142","Week A","","","","",""
"2026-10-13","Event","E31673","Year 5 Open Day","","","","",""
"2026-10-13","Recurring","R2168","HSC Examinations 2026","","","","",""
"2026-10-14","Event","E31865","Year 8 Games Day reserve date","","","","","8,10"
"2026-10-14","Event","E31633","House Meetings - House Leader Elections (Assembly)","","","","",""
"2026-10-14","Event","E31738","Faculty Meetings","","","","",""
"2026-10-14","Recurring","R2168","HSC Examinations 2026","","","","",""
"2026-10-15","Event","E31871","10 Mandatory Geography Chowder Bay Fieldwork","","","","",""
"2026-10-15","Recurring","R2168","HSC Examinations 2026","","","","",""
"2026-10-16","Event","E31896","Year 10 Sport 2026","Date: 16/10/2026 01:45pm - 02:45pm
Description: Year 10 Sport 2026 - Fernwood Fitness
Participants: Year 10 - 3 groups on rotation
Venue: Fernwood Fitness
Faculty: Sport
Attending Staff: Tracey Sheppard
Created By: Tracey Sheppard
","13:45:00","14:45:00","",""
"2026-10-16","Recurring","R2168","HSC Examinations 2026","","","","",""
"2026-10-17","Recurring","R2168","HSC Examinations 2026","","","","",""
"2026-10-18","Recurring","R2168","HSC Examinations 2026","","","","",""
"2026-10-19","Event","E31929","Year 9 Sport 2026","Date: 19/10/2026 01:45pm - 02:45pm
Description: Year 9 Sport 2026
Participants: Year 9
Venue: Hornsby Girls High School, Mark Taylor oval
Faculty: Sport
Attending Staff: Cathy Croudace
Created By: Tracey Sheppard
","13:45:00","14:45:00","",""
"2026-10-19","Recurring","R2168","HSC Examinations 2026","","","","",""
"2026-10-19","Recurring","R2141","Week B","","","","",""
"2026-10-20","Recurring","R2168","HSC Examinations 2026","","","","",""
"2026-10-21","Event","E31663","Submit Year 11 Grades to NESA","","","","",""
"2026-10-21","Event","E31739","Faculty Meetings","","","","",""
"2026-10-21","Event","E31781","Whole School Assembly","","","","",""
"2026-10-21","Recurring","R2168","HSC Examinations 2026","","","","",""
"2026-10-22","Recurring","R2168","HSC Examinations 2026","","","","",""
"2026-10-23","Event","E31664","Principal Certification Year 11 Grades NESA","","","","",""
"2026-10-23","Event","E31897","Year 10 Sport 2026","Date: 23/10/2026 01:45pm - 02:45pm
Description: Year 10 Sport 2026 - Fernwood Fitness
Participants: Year 10 - 3 groups on rotation
Venue: Fernwood Fitness
Faculty: Sport
Attending Staff: Tracey Sheppard
Created By: Tracey Sheppard
","13:45:00","14:45:00","",""
"2026-10-23","Recurring","R2168","HSC Examinations 2026","","","","",""
"2026-10-24","Recurring","R2168","HSC Examinations 2026","","","","",""
"2026-10-25","Recurring","R2168","HSC Examinations 2026","","","","",""
"2026-10-26","Event","E31930","Year 9 Sport 2026","Date: 26/10/2026 01:45pm - 02:45pm
Description: Year 9 Sport 2026
Participants: Year 9
Venue: Hornsby Girls High School, Mark Taylor oval
Faculty: Sport
Attending Staff: Cathy Croudace
Created By: Tracey Sheppard
","13:45:00","14:45:00","",""
"2026-10-26","Recurring","R2168","HSC Examinations 2026","","","","",""
"2026-10-26","Recurring","R2142","Week A","","","","",""
"2026-10-27","Event","E31821","Year 8 Charity Day - Mufti","","","","","8"
"2026-10-27","Recurring","R2168","HSC Examinations 2026","","","","",""
"2026-10-28","Event","E31740","Whole Staff Meeting","","","","",""
"2026-10-28","Event","E31782","SWLBeing","","","","",""
"2026-10-28","Recurring","R2168","HSC Examinations 2026","","","","",""
"2026-10-29","Event","E31714","AECG Meeting- 4 pm","","","","",""
"2026-10-29","Event","E31822","Year 8 Charity Day - Back up","","","","","8"
"2026-10-29","Recurring","R2168","HSC Examinations 2026","","","","",""
"2026-10-30","Event","E31898","Year 10 Sport 2026","Date: 30/10/2026 01:45pm - 02:45pm
Description: Year 10 Sport 2026 - Fernwood Fitness
Participants: Year 10 - 3 groups on rotation
Venue: Fernwood Fitness
Faculty: Sport
Attending Staff: Tracey Sheppard
Created By: Tracey Sheppard
","13:45:00","14:45:00","",""
"2026-10-30","Recurring","R2168","HSC Examinations 2026","","","","",""
"2026-10-31","Recurring","R2168","HSC Examinations 2026","","","","",""
"2026-11-01","Recurring","R2168","HSC Examinations 2026","","","","",""
"2026-11-02","Event","E31931","Year 9 Sport 2026","Date: 02/11/2026 01:45pm - 02:45pm
Description: Year 9 Sport 2026
Participants: Year 9
Venue: Hornsby Girls High School, Mark Taylor oval
Faculty: Sport
Attending Staff: Cathy Croudace
Created By: Tracey Sheppard
","13:45:00","14:45:00","",""
"2026-11-02","Recurring","R2168","HSC Examinations 2026","","","","",""
"2026-11-02","Recurring","R2158","Year 10 Yearly Examinations","","","","","10"
"2026-11-02","Recurring","R2141","Week B","","","","",""
"2026-11-03","Recurring","R2168","HSC Examinations 2026","","","","",""
"2026-11-03","Recurring","R2158","Year 10 Yearly Examinations","","","","","10"
"2026-11-04","Event","E31741","Meetings: Faculty and teacher driven time","","","","",""
"2026-11-04","Event","E31783","Year Meetings","","","","",""
"2026-11-04","Recurring","R2168","HSC Examinations 2026","","","","",""
"2026-11-04","Recurring","R2158","Year 10 Yearly Examinations","","","","","10"
"2026-11-05","Recurring","R2168","HSC Examinations 2026","","","","",""
"2026-11-05","Recurring","R2158","Year 10 Yearly Examinations","","","","","10"
"2026-11-06","Recurring","R2158","Year 10 Yearly Examinations","","","","","10"
"2026-11-09","Event","E31932","Year 9 Sport 2026","Date: 09/11/2026 01:45pm - 02:45pm
Description: Year 9 Sport 2026
Participants: Year 9
Venue: Hornsby Girls High School, Mark Taylor oval
Faculty: Sport
Attending Staff: Cathy Croudace
Created By: Tracey Sheppard
","13:45:00","14:45:00","",""
"2026-11-09","Recurring","R2142","Week A","","","","",""
"2026-11-11","Event","E31742","Faculty Meetings: Annual PDP Reviews to be submitted","","","","",""
"2026-11-11","Event","E31784","Remembrance Day Assembly","","","","",""
"2026-11-12","Event","E31823","Year 7 Charity Day - Mufti","","","","","7"
"2026-11-13","Event","E31899","Year 10 Sport 2026","Date: 13/11/2026 01:45pm - 02:45pm
Description: Year 10 Sport 2026 - Fernwood Fitness
Participants: Year 10 - 3 groups on rotation
Venue: Fernwood Fitness
Faculty: Sport
Attending Staff: Tracey Sheppard
Created By: Tracey Sheppard
","13:45:00","14:45:00","",""
"2026-11-13","Event","E31676","Year 10 Minimum Standards Tests","","","","","10"
"2026-11-16","Recurring","R2162","Year 9 Yearly Examinations","","","","","9"
"2026-11-16","Recurring","R2141","Week B","","","","",""
"2026-11-17","Recurring","R2162","Year 9 Yearly Examinations","","","","","9"
"2026-11-18","Event","E31743","Whole Staff Meeting","","","","",""
"2026-11-18","Event","E31748","Workplace Health and Safety Meeting","","","","",""
"2026-11-18","Event","E31785","SWLBeing","","","","",""
"2026-11-18","Recurring","R2162","Year 9 Yearly Examinations","","","","","9"
"2026-11-19","Event","E31665","Year 10 Grades due to NESA and Principal Certification","","","","","10"
"2026-11-19","Recurring","R2162","Year 9 Yearly Examinations","","","","","9"
"2026-11-20","Event","E31900","Year 10 Sport 2026","Date: 20/11/2026 01:45pm - 02:45pm
Description: Year 10 Sport 2026 - Fernwood Fitness
Participants: Year 10 - 3 groups on rotation
Venue: Fernwood Fitness
Faculty: Sport
Attending Staff: Tracey Sheppard
Created By: Tracey Sheppard
","13:45:00","14:45:00","",""
"2026-11-20","Event","E31824","Year 7 Charity Day - Back up","","","","",""
"2026-11-20","Recurring","R2162","Year 9 Yearly Examinations","","","","","9"
"2026-11-23","Recurring","R2159","No  Year 10 work experience to be approved","","","","","10"
"2026-11-23","Recurring","R2142","Week A","","","","",""
"2026-11-23","Recurring","R2157","Year 10 Life and Resilience Week","","","","","10"
"2026-11-24","Recurring","R2159","No  Year 10 work experience to be approved","","","","","10"
"2026-11-24","Recurring","R2157","Year 10 Life and Resilience Week","","","","","10"
"2026-11-25","Event","E31744","Faculty Meeting","","","","",""
"2026-11-25","Event","E31786","Year Assemblies","","","","",""
"2026-11-25","Recurring","R2159","No  Year 10 work experience to be approved","","","","","10"
"2026-11-25","Recurring","R2157","Year 10 Life and Resilience Week","","","","","10"
"2026-11-26","Recurring","R2159","No  Year 10 work experience to be approved","","","","","10"
"2026-11-26","Recurring","R2157","Year 10 Life and Resilience Week","","","","","10"
"2026-11-27","Event","E31834","Schools Spectacular all Years 7, 8 and 9 attending 11am matinee show","","","","",""
"2026-11-27","Recurring","R2159","No  Year 10 work experience to be approved","","","","","10"
"2026-11-27","Recurring","R2157","Year 10 Life and Resilience Week","","","","","10"
"2026-11-28","Recurring","R2159","No  Year 10 work experience to be approved","","","","","10"
"2026-11-29","Recurring","R2159","No  Year 10 work experience to be approved","","","","","10"
"2026-11-30","Recurring","R2163","HSC 2027 Assessment Block One","","","","","12"
"2026-11-30","Recurring","R2159","No  Year 10 work experience to be approved","","","","","10"
"2026-11-30","Recurring","R2141","Week B","","","","",""
"2026-12-01","Event","E31674","Year 7 2027 Orientation Day","","","","",""
"2026-12-01","Recurring","R2163","HSC 2027 Assessment Block One","","","","","12"
"2026-12-01","Recurring","R2159","No  Year 10 work experience to be approved","","","","","10"
"2026-12-02","Event","E31745","Staff Meeting - Speech Day Briefing","","","","",""
"2026-12-02","Event","E31787","Whole School Assembly","","","","",""
"2026-12-02","Recurring","R2163","HSC 2027 Assessment Block One","","","","","12"
"2026-12-02","Recurring","R2159","No  Year 10 work experience to be approved","","","","","10"
"2026-12-03","Recurring","R2163","HSC 2027 Assessment Block One","","","","","12"
"2026-12-03","Recurring","R2159","No  Year 10 work experience to be approved","","","","","10"
"2026-12-04","Event","E31675","Peer Support Planning Day - Yr 9 SWL Leaders","","","","",""
"2026-12-04","Event","E31901","Year 10 Sport 2026","Date: 04/12/2026 01:45pm - 02:45pm
Description: Year 10 Sport 2026 - Fernwood Fitness
Participants: Year 10 - 3 groups on rotation
Venue: Fernwood Fitness
Faculty: Sport
Attending Staff: Tracey Sheppard
Created By: Tracey Sheppard
","13:45:00","14:45:00","",""
"2026-12-04","Recurring","R2163","HSC 2027 Assessment Block One","","","","","12"
"2026-12-04","Recurring","R2159","No  Year 10 work experience to be approved","","","","","10"
"2026-12-05","Recurring","R2159","No  Year 10 work experience to be approved","","","","","10"
"2026-12-06","Recurring","R2159","No  Year 10 work experience to be approved","","","","","10"
"2026-12-07","Recurring","R2159","No  Year 10 work experience to be approved","","","","","10"
"2026-12-07","Recurring","R2169","Illuminate Enterprise Challenge TBC","","","","","10"
"2026-12-07","Recurring","R2142","Week A","","","","",""
"2026-12-08","Recurring","R2159","No  Year 10 work experience to be approved","","","","","10"
"2026-12-08","Recurring","R2169","Illuminate Enterprise Challenge TBC","","","","","10"
"2026-12-09","Event","E31746","Faculty Meetings","","","","",""
"2026-12-09","Event","E31788","Year Assemblies 7 - 10","","","","",""
"2026-12-09","Recurring","R2159","No  Year 10 work experience to be approved","","","","","10"
"2026-12-09","Recurring","R2169","Illuminate Enterprise Challenge TBC","","","","","10"
"2026-12-10","Event","E31699","Speech Day - Town Hall 3 pm entry 6:00pm start","","","","",""
"2026-12-10","Recurring","R2159","No  Year 10 work experience to be approved","","","","","10"
"2026-12-10","Recurring","R2169","Illuminate Enterprise Challenge TBC","","","","","10"
"2026-12-11","Recurring","R2159","No  Year 10 work experience to be approved","","","","","10"
"2026-12-11","Recurring","R2169","Illuminate Enterprise Challenge TBC","","","","","10"
"2026-12-12","Recurring","R2159","No  Year 10 work experience to be approved","","","","","10"
"2026-12-13","Recurring","R2159","No  Year 10 work experience to be approved","","","","","10"
"2026-12-14","Recurring","R2159","No  Year 10 work experience to be approved","","","","","10"
"2026-12-14","Recurring","R2141","Week B","","","","",""
"2026-12-15","Recurring","R2159","No  Year 10 work experience to be approved","","","","","10"
"2026-12-16","Event","E31747","Meetings: Faculty and Teacher Driven Time","","","","",""
"2026-12-16","Event","E31789","SWLBeing TBC","","","","",""
"2026-12-16","Recurring","R2159","No  Year 10 work experience to be approved","","","","","10"
"2026-12-17","Recurring","R2159","No  Year 10 work experience to be approved","","","","","10"
"2026-12-18","Recurring","R2159","No  Year 10 work experience to be approved","","","","","10"
"2026-12-21","Recurring","R2142","Week A","","","","",""
"2026-12-28","Recurring","R2141","Week B","","","","",""
